<?xml version="1.0" encoding="UTF-8"?>
<project-private xmlns="http://www.netbeans.org/ns/project-private/1">
    <editor-bookmarks xmlns="http://www.netbeans.org/ns/editor-bookmarks/1"/>
    <editor-bookmarks xmlns="http://www.netbeans.org/ns/editor-bookmarks/2" lastBookmarkId="0"/>
    <open-files xmlns="http://www.netbeans.org/ns/projectui-open-files/1">
        <file>file:/C:/Users/Delano/Desktop/Interface/src/Voador.java</file>
        <file>file:/C:/Users/Delano/Desktop/Interface/src/Aviao.java</file>
        <file>file:/C:/Users/Delano/Desktop/Interface/src/Passarinho.java</file>
        <file>file:/C:/Users/Delano/Desktop/Interface/src/MeioDeTransporte.java</file>
        <file>file:/C:/Users/Delano/Desktop/Interface/src/Onibus.java</file>
        <file>file:/C:/Users/Delano/Desktop/Interface/src/Main.java</file>
    </open-files>
</project-private>
